<?xml version="1.0" encoding="UTF-8"?>

<project>
  <extend>../project.xml</extend>
  <name>FileUpload</name>
  <id>commons-fileupload</id>
  <currentVersion>1.0</currentVersion>
  <inceptionYear>2002</inceptionYear>
  <shortDescription>File upload component for Java servlets</shortDescription>
  <description>
    The FileUpload component provides a simple yet flexible means of adding
    support for multipart file upload functionality to servlets and web
    applications.
  </description>
  <logo>/images/logo.gif</logo>
  <package>org.apache.commons.fileupload</package>

  <url>http://jakarta.apache.org/commons/fileupload/</url>
  <issueTrackingUrl>http://nagoya.apache.org/bugzilla/</issueTrackingUrl>

  <versions>
    <version>
      <id>1.0</id>
      <name>1.0</name>
      <tag>FILEUPLOAD_1_0</tag>
    </version>
    <version>
      <id>1.0-rc1</id>
      <name>1.0-rc1</name>
      <tag>FILEUPLOAD_1_0_RC1</tag>
    </version>
    <version>
      <id>1.0-beta-1</id>
      <name>1.0-beta-1</name>
      <tag>FILEUPLOAD_1_0_B1</tag>
    </version>
  </versions>

  <developers>
    <developer>
      <name>Martin Cooper</name>
      <id>martinc</id>
      <email>martinc@apache.org</email>
      <organization>Tumbleweed Communications</organization>
    </developer>
    <developer>
      <name>dIon Gillard</name>
      <id>dion</id>
      <email>dion@apache.org</email>
      <organization>Multitask Consulting</organization>
    </developer>
    <developer>
      <name>John McNally</name>
      <id>jmcnally</id>
      <email>jmcnally@collab.net</email>
      <organization>CollabNet</organization>
    </developer>
    <developer>
      <name>Daniel Rall</name>
      <id>dlr</id>
      <email>dlr@finemaltcoding.com</email>
      <organization>CollabNet</organization>
    </developer>
    <developer>
      <name>Jason van Zyl</name>
      <id>jvanzyl</id>
      <email>jason@zenplex.com</email>
      <organization>Zenplex</organization>
    </developer>
    <developer>
      <name>Robert Burrell Donkin</name>
      <id>rdonkin</id>
      <email>rdonkin@apache.org</email>
      <organization/>
    </developer>
    <developer>
      <name>Sean C. Sullivan</name>
      <id>sullis</id>
      <email>sean |at| seansullivan |dot| com</email>
      <organization></organization>
    </developer>
  </developers>
  
  <dependencies>
    <dependency>
      <id>servletapi</id>
      <version>2.3</version>
    </dependency>
    <dependency>
      <id>junit</id>
      <version>3.8.1</version>
    </dependency>
  </dependencies>

  <reports>
    <report>maven-changelog-plugin</report>
    <report>maven-checkstyle-plugin</report>
    <report>maven-developer-activity-plugin</report>
    <report>maven-file-activity-plugin</report>
    <report>maven-javadoc-plugin</report>
    <report>maven-jdepend-plugin</report>
    <report>maven-junit-report-plugin</report>
    <report>maven-jxr-plugin</report>
    <report>maven-license-plugin</report>
    <report>maven-linkcheck-plugin</report>
    <report>maven-tasklist-plugin</report>
<!--    <report>maven-clover-plugin</report> -->
  </reports>

</project>
